source_row_id,partner_id,campaign_id,click_date,clicks,conversions,revenue,commission_paid,device_type,region
1,PTR010,4,2026-03-14,3477,352,30814.06,2465.12,Tablet,US
2,PTR008,6,2026-04-27,1538,59,10700.62,535.03,Mobile,US
3,PTR014,4,2025-06-09,86,2,401.65,40.16,Tablet,CA
4,PTR009,3,2025-05-30,6089,0,0.00,0.00,Mobile,UK
5,PTR012,3,2026-06-05,502,35,4069.61,406.96,Desktop,US
6,PTR013,2,2025-08-09,3382,182,18193.89,3638.78,Desktop,UK
7,PTR012,1,2025-04-27,823,68,8688.38,1737.68,Desktop,AU
8,PTR009,3,2025-06-04,3583,361,73990.41,8878.85,Mobile,UK
9,PTR006,3,2025-04-26,2856,452,16390.06,2458.51,Mobile,US
10,PTR015,4,2026-01-27,1298,59,11984.73,2396.95,Tablet,DE
11,PTR002,3,2025-10-15,460,18,1537.80,153.78,Tablet,CA
12,PTR003,5,2025-10-07,3713,222,44767.08,5372.05,Desktop,US
13,PTR020,3,2025-04-05,3849,298,41086.43,2054.32,Mobile,UK
14,PTR005,1,2026-05-15,3640,41,3256.17,651.23,Tablet,AU
15,PTR020,3,2026-04-27,138,14,1513.07,302.61,Tablet,US
16,PTR009,3,2025-06-20,524,68,2665.71,133.29,Desktop,DE
18,PTR018,2,2025-03-29,3154,174,24464.22,3669.63,Desktop,DE
19,PTR017,5,2026-04-08,1020,52,3233.02,3123.96,Mobile,US
20,PTR006,3,2026-01-23,3011,88,18436.14,2765.42,Mobile,US
21,PTR016,5,2025-10-21,2491,58,3849.95,769.99,Tablet,CA
22,PTR008,4,2025-08-24,1694,57,10578.99,846.32,Tablet,DE
23,PTR001,4,2025-11-02,2763,137,8505.12,1020.61,Mobile,US
24,PTR010,2,2026-06-18,3105,54,6787.05,678.71,Tablet,US
25,PTR015,4,2025-10-24,836,10,541.56,108.31,Tablet,UK
26,PTR018,6,2025-06-01,527,37,7929.11,396.46,Tablet,AU
27,PTR013,3,2025-07-09,2543,179,29142.23,5828.45,Mobile,DE
29,PTR016,2,2026-05-08,3546,51,11066.40,1106.64,Desktop,US
30,PTR014,3,2026-04-11,2918,324,51975.21,6237.03,Mobile,US
31,PTR013,2,2026-06-24,1051,55,7792.55,389.63,Mobile,US
32,PTR015,2,2026-05-22,924,38,6662.73,666.27,Mobile,DE
33,PTR012,3,2025-08-08,1131,64,9083.60,726.69,Desktop,US
34,PTR013,1,2026-05-06,3369,126,21342.02,4268.40,Mobile,AU
35,PTR006,5,2026-06-05,2312,186,39838.15,5975.72,Desktop,CA
36,PTR005,3,2025-01-15,2846,120,9964.17,1992.83,Tablet,AU
37,PTR019,6,2025-01-21,1563,141,13387.56,1606.51,Desktop,AU
38,PTR011,2,2025-06-01,3641,449,68242.71,10236.41,Tablet,US
39,PTR019,1,2025-09-02,1597,89,11076.74,1329.21,Mobile,US
40,PTR006,2,2025-09-25,972,129,11001.62,550.08,Desktop,CA
41,PTR014,4,2025-10-27,952,46,9008.79,1081.05,Tablet,CA
42,PTR016,2,2025-12-16,2073,98,9807.52,1961.50,Tablet,CA
43,PTR014,5,2025-05-30,1193,40,2636.21,395.43,Mobile,US
44,PTR018,3,2026-02-27,2287,91,7526.06,376.30,Mobile,US
45,PTR008,3,2025-04-25,3013,81,10852.87,1627.93,Mobile,UK
46,PTR011,5,2025-03-21,1425,56,1858.57,371.71,Desktop,US
47,PTR002,3,2025-06-11,3619,215,33991.29,6798.26,Desktop,US
48,PTR008,4,2025-07-16,2201,96,6356.19,317.81,Mobile,UK
49,PTR015,6,2025-02-14,1497,51,3743.92,748.78,Tablet,AU
50,PTR004,4,2026-06-07,1696,149,9974.50,997.45,Mobile,US
51,PTR011,2,2025-07-24,1652,129,16415.29,820.76,Tablet,CA
52,PTR008,3,2026-04-13,597,67,13082.55,654.13,Unknown,DE
53,PTR008,2,2026-02-09,5469,0,0.00,0.00,Mobile,UK
54,PTR004,6,2025-11-23,1915,72,1826.93,219.23,Mobile,DE
55,PTR011,6,2025-06-26,3971,0,0.00,0.00,Desktop,AU
56,PTR016,3,2025-09-20,2668,445,51216.43,5121.64,Desktop,DE
57,PTR014,3,2025-12-27,3397,290,11090.44,887.24,Mobile,US
58,PTR011,1,2025-11-27,2572,87,18050.70,902.54,Desktop,UK
59,PTR011,2,2025-05-20,1927,107,20505.41,4101.08,Desktop,US
60,PTR018,2,2026-06-23,2923,167,18269.92,913.50,Mobile,CA
61,PTR017,4,2025-03-27,1080,29,2752.64,220.21,Desktop,US
62,PTR011,5,2025-09-14,379,43,5820.49,291.02,Tablet,US
63,PTR020,2,2026-03-21,2981,173,7834.73,626.78,Desktop,US
64,PTR012,3,2025-01-06,3560,207,5142.02,514.20,Tablet,US
65,PTR008,6,2025-02-16,980,113,8129.23,650.34,Tablet,US
66,PTR012,2,2025-06-16,1460,82,12123.47,1818.52,Mobile,AU
67,PTR017,1,2025-12-10,2375,159,21725.48,4345.10,Desktop,US
68,PTR004,5,2025-12-10,568,61,11308.04,2261.61,Mobile,US
69,PTR018,6,2025-01-23,3987,191,31334.88,2506.79,Desktop,US
70,PTR002,5,2025-09-24,2068,94,3137.52,627.50,Desktop,CA
71,PTR007,3,2025-05-23,3704,461,69371.60,8324.59,Tablet,DE
72,PTR004,1,2026-01-12,3500,224,17631.89,2644.78,Desktop,DE
73,PTR019,5,2026-05-15,2930,38,4879.86,487.99,Desktop,DE
74,PTR016,1,2025-04-23,2769,204,22707.80,3406.17,Desktop,US
75,PTR001,4,2026-05-01,3966,500,30823.18,1541.16,Tablet,CA
76,PTR012,5,2025-08-20,1744,172,10927.80,1639.17,Mobile,US
77,PTR007,1,2026-05-30,2810,134,14254.25,1710.51,Tablet,AU
78,PTR002,4,2025-11-24,578,71,4840.95,580.91,Tablet,US
79,PTR010,4,2025-01-29,208,22,4195.57,839.11,Unknown,AU
80,PTR008,6,2026-01-26,1322,59,6831.41,546.51,Mobile,CA
81,PTR017,6,2026-04-07,690,10,1507.15,301.43,Mobile,UK
82,PTR008,5,2026-04-02,1607,162,7436.24,371.81,Desktop,US
83,PTR011,3,2025-12-29,3976,341,31346.21,4701.93,Mobile,DE
84,PTR007,2,2025-08-11,860,58,1052.32,84.19,Tablet,UK
85,PTR011,6,2025-01-06,802,112,24416.48,1953.32,Mobile,DE
87,PTR002,5,2026-03-04,3830,411,47903.57,9580.71,Mobile,US
88,PTR020,2,2025-08-01,336,22,2651.46,530.29,Mobile,US
89,PTR016,6,2026-06-13,3367,184,29524.96,3543.00,Mobile,US
90,PTR017,6,2025-04-08,3948,122,8765.86,1753.17,Mobile,CA
91,PTR003,3,2025-08-26,1696,127,4115.43,205.77,Mobile,DE
92,PTR008,6,2025-06-16,3615,153,26834.55,3220.15,Desktop,AU
93,PTR013,1,2026-04-26,3615,351,55902.34,8385.35,Tablet,US
94,PTR007,1,2026-01-08,291,36,5435.80,271.79,Tablet,US
95,PTR010,1,2025-04-06,432,16,2219.03,110.95,Desktop,UK
96,PTR008,4,2025-04-21,3467,61,3743.12,449.17,Tablet,US
97,PTR014,4,2025-06-02,2964,30,3455.05,691.01,Tablet,CA
98,PTR013,3,2026-03-05,2041,135,8393.42,419.67,Tablet,DE
99,PTR005,2,2025-08-03,1635,11,1273.84,63.69,Tablet,DE
100,PTR010,6,2026-05-13,3121,299,15938.60,1593.86,Tablet,US
101,PTR014,3,2025-11-29,690,45,2917.50,145.88,Tablet,US
103,PTR004,5,2026-01-17,2283,279,42506.41,5100.77,Tablet,DE
104,PTR018,6,2025-06-30,7218,0,0.00,0.00,Desktop,US
105,PTR014,2,2025-07-24,3656,222,43856.15,3508.49,Mobile,US
106,PTR006,6,2025-06-20,1188,50,1299.52,129.95,Mobile,US
107,PTR007,6,2026-02-08,541,71,1852.76,370.55,Tablet,CA
108,PTR017,4,2025-10-14,2122,134,14988.24,2997.65,Tablet,UK
109,PTR014,2,2026-02-24,307,7,773.47,116.02,Mobile,CA
110,PTR020,1,2025-01-22,3227,493,28134.10,4220.11,Mobile,AU
111,PTR003,5,2025-08-20,1579,155,20349.17,2034.92,Desktop,US
112,PTR013,6,2025-01-27,3957,38,5100.72,612.09,Mobile,CA
113,PTR013,3,2025-04-02,3306,203,8751.64,700.13,Mobile,CA
114,PTR017,6,2026-05-21,3490,182,15067.82,3013.56,Tablet,Unknown
115,PTR006,2,2025-01-09,1038,143,22940.13,2294.01,Desktop,DE
116,PTR001,3,2025-12-09,1017,30,784.76,78.48,Mobile,AU
117,PTR014,1,2026-01-19,1842,177,27427.87,5485.57,Tablet,CA
118,PTR002,2,2026-03-31,2490,294,25404.09,3048.49,Tablet,UK
119,PTR010,3,2025-09-01,504,36,3913.50,195.68,Tablet,Unknown
120,PTR017,3,2025-10-30,1651,197,32094.84,3209.48,Desktop,US
121,PTR009,6,2026-05-05,3372,232,36127.61,2890.21,Mobile,US
122,PTR002,2,2025-09-24,2896,91,10597.56,1271.71,Desktop,US
123,PTR005,2,2026-02-21,348,29,1281.37,192.21,Tablet,AU
125,PTR002,6,2026-02-16,2563,69,2375.01,237.50,Desktop,US
126,PTR005,4,2025-07-02,2227,62,5406.94,648.83,Tablet,DE
127,PTR009,2,2025-02-03,1522,66,5897.14,1179.43,Mobile,US
128,PTR016,2,2025-01-21,2402,135,12866.22,14544.08,Desktop,DE
129,PTR015,5,2025-10-13,2995,237,24652.97,1972.24,Tablet,CA
130,PTR010,6,2026-03-07,1527,87,9697.02,1939.40,Desktop,UK
131,PTR017,6,2026-05-21,3490,182,15067.82,3013.56,Tablet,Unknown
132,PTR004,1,2025-05-21,3955,402,83086.00,9970.32,Desktop,AU
133,PTR016,6,2026-06-05,1582,51,6547.88,327.39,Unknown,DE
134,PTR019,2,2026-02-08,1308,66,3847.75,307.82,Tablet,AU
135,PTR014,2,2025-05-18,2984,88,2242.88,336.43,Mobile,US
136,PTR005,6,2026-01-18,2272,31,4104.63,492.56,Desktop,UK
137,PTR012,3,2025-05-12,2689,63,3444.03,413.28,Tablet,US
138,PTR017,3,2025-02-13,1842,214,26176.67,2094.13,Mobile,US
139,PTR020,5,2026-06-21,1781,179,35761.28,3576.13,Desktop,CA
140,PTR009,3,2025-07-02,289,35,1805.32,216.64,Mobile,DE
141,PTR003,5,2025-03-09,473,4,437.95,52.55,Desktop,DE
142,PTR020,2,2026-06-07,2865,43,2754.05,137.70,Desktop,UK
143,PTR016,3,2026-03-21,2345,130,24927.91,3739.19,Desktop,US
144,PTR011,4,2026-01-22,3422,330,39097.28,4691.67,Mobile,US
145,PTR001,6,2025-07-12,862,16,3002.05,450.31,Unknown,US
146,PTR009,2,2025-08-30,1775,72,11980.88,1437.71,Desktop,CA
147,PTR019,6,2025-03-08,1410,154,14358.71,2871.74,Mobile,DE
148,PTR005,3,2026-02-07,567,43,6043.73,1208.75,Mobile,DE
149,PTR017,5,2025-04-22,2068,197,39654.94,7930.99,Tablet,US
150,PTR017,5,2025-07-26,2886,83,16734.72,3346.94,Mobile,Unknown
151,PTR020,6,2025-03-31,1917,51,8559.77,427.99,Tablet,US
152,PTR019,2,2026-02-13,903,22,3738.58,186.93,Tablet,CA
153,PTR007,2,2025-10-31,1483,17,1210.97,60.55,Unknown,CA
154,PTR012,1,2025-08-30,2740,108,12745.80,2549.16,Tablet,UK
155,PTR009,5,2025-05-03,650,34,4715.02,377.20,Mobile,US
157,PTR005,5,2025-07-27,1270,194,20013.66,1601.09,Desktop,CA
158,PTR001,2,2025-07-05,2324,50,10711.06,535.55,Desktop,AU
159,PTR002,1,2026-04-05,2349,208,37461.73,5619.26,Desktop,AU
160,PTR018,1,2025-09-14,455,3,530.84,42.47,Mobile,US
161,PTR005,2,2026-05-11,1366,91,7367.76,589.42,Tablet,AU
162,PTR015,2,2025-06-13,2324,281,46607.66,5592.92,Mobile,US
163,PTR020,1,2025-10-10,1632,116,13213.08,1321.31,Desktop,US
164,PTR018,2,2025-06-30,3496,401,10563.18,528.16,Mobile,US
165,PTR013,1,2025-02-07,3765,91,10130.86,1215.70,Desktop,US
166,PTR019,1,2025-04-19,3059,264,37851.55,5677.73,Mobile,US
167,PTR020,5,2025-08-14,1468,26,3499.69,279.98,Mobile,US
168,PTR010,4,2025-01-09,3083,115,19449.68,3889.94,Tablet,CA
169,PTR006,3,2025-01-01,3828,115,17755.95,1775.60,Tablet,AU
170,PTR011,6,2026-02-25,648,14,2342.82,281.14,Mobile,AU
171,PTR003,2,2025-09-06,2655,50,10710.59,535.53,Desktop,AU
172,PTR017,1,2025-11-21,2514,251,50427.21,6051.27,Desktop,US
173,PTR007,1,2026-04-12,138,13,2731.60,409.74,Mobile,UK
174,PTR001,4,2026-05-14,3730,0,0.00,0.00,Mobile,AU
175,PTR015,4,2025-11-26,2305,67,3991.86,598.78,Tablet,UK
176,PTR018,4,2025-02-16,3650,87,4258.74,212.94,Tablet,US
177,PTR014,5,2025-09-16,7418,0,0.00,0.00,Tablet,UK
178,PTR016,6,2026-04-20,114,2,292.63,58.53,Desktop,US
179,PTR006,4,2025-09-20,2467,58,1199.40,119.94,Desktop,DE
180,PTR009,3,2026-04-02,3677,150,3413.45,409.61,Desktop,Unknown
181,PTR002,5,2026-03-10,4071,0,0.00,0.00,Tablet,DE
182,PTR020,4,2025-05-20,1318,111,5707.14,684.86,Tablet,US
183,PTR011,1,2025-07-13,1953,253,20969.86,3145.48,Tablet,US
184,PTR010,4,2025-02-18,1451,186,8920.92,1338.14,Tablet,CA
185,PTR001,3,2025-05-02,1909,59,10555.73,1266.69,Desktop,US
186,PTR002,4,2026-05-15,32,0,0.00,0.00,Tablet,US
187,PTR002,1,2025-08-23,3239,205,41227.77,8245.55,Mobile,DE
188,PTR009,3,2025-06-20,524,68,2665.71,133.29,Desktop,DE
190,PTR010,5,2025-01-07,913,51,10627.70,1062.77,Mobile,CA
191,PTR005,6,2025-03-21,3463,237,39442.02,5916.30,Tablet,US
192,PTR014,4,2025-02-09,1581,55,11616.27,2323.25,Tablet,US
193,PTR013,2,2025-12-01,1859,23,4022.40,603.36,Mobile,UK
194,PTR008,6,2025-01-03,1459,134,16348.93,3269.79,Desktop,CA
195,PTR010,2,2026-06-18,3105,54,6787.05,678.71,Tablet,US
196,PTR003,1,2026-04-07,3078,208,4343.77,434.38,Desktop,AU
197,PTR006,2,2025-09-16,2077,30,4605.08,552.61,Mobile,Unknown
199,PTR015,3,2026-05-16,343,24,520.86,41.67,Desktop,CA
200,PTR006,5,2026-04-27,578,40,3974.48,397.45,Desktop,US
201,PTR014,3,2026-04-11,2918,324,51975.21,6237.03,Mobile,US
202,PTR009,4,2026-04-13,820,51,4752.16,475.22,Unknown,US
203,PTR010,3,2025-10-05,410,17,1612.63,161.26,Unknown,DE
204,PTR012,5,2026-02-06,3656,262,28889.10,4333.36,Tablet,US
205,PTR012,2,2025-09-18,352,6,522.44,78.37,Desktop,US
206,PTR014,2,2026-05-10,3204,101,16639.89,1331.19,Tablet,US
207,PTR005,2,2026-02-03,1482,12,1065.40,106.54,Mobile,UK
208,PTR013,4,2025-04-14,1241,179,18715.89,3743.18,Mobile,US
209,PTR001,1,2025-05-08,1812,200,43823.46,3505.88,Mobile,US
210,PTR017,1,2026-01-19,2656,129,14674.57,1467.46,Desktop,US
211,PTR004,5,2025-08-12,2870,160,34010.50,6802.10,Desktop,CA
213,PTR008,2,2025-04-17,3016,63,5317.34,1063.47,Tablet,US
214,PTR009,5,2025-04-18,1405,88,11188.71,559.44,Tablet,US
215,PTR018,2,2026-05-16,3760,651,79688.00,3984.40,Mobile,US
216,PTR016,3,2025-01-07,3928,277,32112.55,4816.88,Mobile,US
217,PTR003,2,2025-06-26,1019,124,17361.25,1736.12,Desktop,US
218,PTR002,4,2025-12-31,635,38,2382.54,357.38,Desktop,US
219,PTR003,5,2026-06-12,2597,76,4799.25,479.93,Mobile,AU
220,PTR020,6,2025-11-07,910,50,3627.75,725.55,Mobile,AU
221,PTR009,2,2025-05-10,3971,310,54515.47,10903.09,Tablet,CA
222,PTR005,6,2025-08-07,2434,31,5279.23,422.34,Desktop,CA
223,PTR003,6,2025-03-08,3701,216,40757.36,4075.74,Mobile,US
224,PTR013,1,2025-05-29,2750,139,30110.76,6022.15,Tablet,US
225,PTR002,3,2025-10-26,1635,122,5993.83,599.38,Tablet,US
226,PTR004,2,2026-06-18,858,59,4792.45,958.49,Desktop,UK
227,PTR001,4,2025-02-02,3609,153,14098.80,1691.86,Tablet,CA
228,PTR016,1,2025-04-01,3390,82,5191.09,259.55,Tablet,UK
229,PTR007,2,2026-03-30,3738,285,38651.41,7730.28,Desktop,AU
230,PTR018,1,2025-03-21,1923,142,13205.48,660.27,Mobile,DE
231,PTR010,5,2026-05-11,1484,61,8340.55,667.24,Desktop,CA
232,PTR012,4,2025-01-25,698,80,8452.25,676.18,Mobile,AU
233,PTR017,3,2025-07-15,5038,0,0.00,0.00,Desktop,UK
234,PTR020,3,2025-11-08,2308,280,25055.86,1252.79,Desktop,US
235,PTR016,3,2025-02-18,3861,205,32337.36,3880.48,Mobile,DE
236,PTR020,3,2026-04-17,1227,18,956.92,890.69,Mobile,AU
237,PTR002,4,2025-11-17,271,5,131.16,19.67,Mobile,UK
239,PTR010,3,2025-06-18,1435,93,16339.24,3267.85,Mobile,DE
240,PTR001,4,2025-03-15,69,8,1718.96,137.52,Desktop,DE
241,PTR014,4,2025-12-19,7181,1,188.77,18.88,Mobile,US
242,PTR014,1,2025-09-20,395,8,892.33,89.23,Mobile,US
243,PTR011,4,2025-03-24,234,12,626.75,62.68,Mobile,US
244,PTR013,6,2025-04-01,1682,45,4938.06,740.71,Mobile,CA
245,PTR018,5,2025-04-20,872,65,8326.29,1665.26,Desktop,AU
246,PTR002,6,2025-04-26,2811,309,14754.97,737.75,Desktop,US
247,PTR004,4,2025-08-31,6219,0,0.00,0.00,Desktop,CA
248,PTR018,3,2026-03-13,954,51,7637.15,916.46,Unknown,AU
249,PTR001,1,2025-02-16,3433,368,63246.24,12649.25,Desktop,UK
250,PTR007,5,2025-03-19,2833,124,9526.23,1905.25,Tablet,UK
251,PTR017,6,2025-05-07,3477,289,33662.79,6732.56,Desktop,US
252,PTR004,2,2025-12-28,3394,238,43181.12,2159.06,Mobile,Unknown
253,PTR003,5,2026-05-14,2430,66,7013.78,701.38,Tablet,UK
254,PTR009,2,2025-02-24,2623,172,24042.87,4808.57,Desktop,US
255,PTR002,5,2025-05-22,2655,122,17381.39,3476.28,Mobile,US
256,PTR005,6,2025-11-05,3353,274,32152.92,3215.29,Mobile,UK
257,PTR002,1,2025-11-12,2995,199,7780.61,622.45,Tablet,Unknown
258,PTR004,3,2025-05-28,3260,267,21408.08,2568.97,Mobile,AU
259,PTR015,3,2025-10-29,2860,215,17491.23,2098.95,Mobile,CA
260,PTR007,3,2025-03-01,3018,155,20887.24,3133.09,Mobile,CA
261,PTR019,4,2025-09-10,2440,53,6936.19,693.62,Tablet,AU
262,PTR017,3,2025-06-17,3370,374,7596.51,1139.48,Mobile,US
263,PTR008,5,2025-03-27,589,57,964.79,48.24,Tablet,US
264,PTR014,1,2025-10-13,1087,60,4965.92,993.18,Mobile,US
265,PTR018,2,2025-01-31,574,19,322.71,64.54,Mobile,US
266,PTR001,6,2026-06-14,2111,67,13342.90,1067.43,Mobile,UK
267,PTR001,1,2026-04-28,211,3,155.07,23.26,Tablet,US
268,PTR003,4,2025-08-16,332,42,4079.55,815.91,Unknown,US
269,PTR010,2,2025-12-19,1086,76,1723.72,172.37,Mobile,DE
270,PTR012,4,2025-02-25,1087,16,1547.88,154.79,Desktop,AU
271,PTR010,3,2025-12-02,2270,90,15824.16,3164.83,Desktop,US
272,PTR007,6,2025-09-27,3635,455,86070.25,17214.05,Tablet,DE
273,PTR001,1,2026-03-14,2762,62,6427.69,771.32,Desktop,US
274,PTR015,1,2025-09-24,760,77,16593.09,1327.45,Unknown,CA
275,PTR020,5,2026-02-12,333,46,4273.49,427.35,Tablet,US
276,PTR010,4,2025-12-06,205,16,1172.77,234.55,Desktop,CA
277,PTR010,6,2026-03-07,1527,87,9697.02,1939.40,Desktop,UK
278,PTR008,3,2025-12-21,3670,47,9919.45,991.95,Tablet,US
279,PTR007,1,2025-01-06,3050,138,2273.52,454.70,Desktop,US
280,PTR014,6,2026-03-30,360,5,823.26,82.33,Mobile,US
281,PTR014,4,2026-05-19,1930,105,20037.70,2003.77,Desktop,US
282,PTR013,2,2026-04-19,387,24,4385.99,219.30,Desktop,UK
283,PTR005,1,2026-06-24,2656,104,20901.67,2508.20,Tablet,CA
284,PTR003,5,2025-03-08,1933,129,15872.91,2380.94,Tablet,AU
285,PTR008,2,2025-08-25,111,9,1061.79,159.27,Mobile,US
286,PTR016,6,2025-04-13,2770,234,35524.58,2841.97,Desktop,US
287,PTR012,4,2025-03-15,3534,196,6068.52,606.85,Tablet,DE
288,PTR011,6,2026-04-08,3582,164,30255.96,3025.60,Desktop,DE
289,PTR004,6,2025-07-15,1811,57,5650.26,847.54,Tablet,US
290,PTR005,3,2025-04-16,1053,101,15087.31,1206.98,Desktop,US
291,PTR006,6,2025-02-01,3505,242,26551.97,2124.16,Mobile,US
292,PTR006,3,2025-07-08,2531,54,9662.24,483.11,Tablet,US
293,PTR015,6,2026-01-07,2150,285,40035.34,3202.83,Mobile,DE
294,PTR006,5,2025-02-01,3481,178,5123.35,1024.67,Tablet,DE
295,PTR018,6,2026-03-06,1323,120,22119.53,3317.93,Mobile,US
296,PTR019,6,2026-06-19,3079,207,42831.88,3426.55,Mobile,US
297,PTR020,4,2025-05-20,1318,111,5707.14,684.86,Tablet,US
298,PTR008,5,2025-03-27,589,57,964.79,48.24,Tablet,US
299,PTR013,2,2025-06-02,3658,66,3113.23,373.59,Mobile,CA
300,PTR018,1,2026-01-02,3216,317,38586.60,5787.99,Mobile,DE
301,PTR012,4,2025-02-08,3595,382,52240.19,2612.01,Mobile,US
302,PTR009,6,2025-02-17,2808,325,7067.08,706.71,Tablet,AU
303,PTR006,1,2025-06-21,3316,28,4341.14,347.29,Tablet,CA
304,PTR009,5,2026-01-13,280,19,2230.85,111.54,Desktop,CA
305,PTR015,2,2025-11-15,2960,185,14270.09,2140.51,Desktop,AU
306,PTR007,1,2026-04-26,1799,86,7269.27,1090.39,Mobile,US
307,PTR005,4,2026-06-04,2656,130,27107.85,4066.18,Desktop,US
308,PTR005,2,2025-03-03,3251,321,23807.02,1190.35,Tablet,US
310,PTR006,3,2025-12-26,376,26,3480.07,348.01,Tablet,AU
311,PTR002,5,2025-05-12,1604,65,7867.72,944.13,Tablet,CA
312,PTR020,2,2026-06-04,1900,270,6320.61,948.09,Tablet,US
313,PTR020,4,2026-03-29,1419,123,6819.81,681.98,Desktop,US
314,PTR013,6,2026-06-11,2698,90,10915.21,1637.28,Mobile,US
315,PTR015,4,2026-04-18,3192,318,58023.14,8703.47,Mobile,US
316,PTR019,1,2025-05-19,1698,20,3976.13,318.09,Desktop,UK
317,PTR015,5,2026-03-10,3065,83,7762.53,621.00,Tablet,US
318,PTR019,1,2025-12-26,2504,45,2581.07,206.49,Tablet,US
320,PTR012,6,2025-04-01,3464,180,5602.08,560.21,Desktop,AU
321,PTR013,2,2025-12-06,3099,357,11094.73,2218.95,Mobile,US
322,PTR019,4,2025-07-19,2857,99,15440.30,772.01,Mobile,AU
323,PTR008,5,2026-01-19,824,69,5803.51,464.28,Mobile,UK
324,PTR019,5,2025-02-16,3535,114,2272.21,340.83,Mobile,US
325,PTR015,5,2025-11-29,3012,185,35514.85,7102.97,Tablet,US
326,PTR015,4,2025-05-08,327,37,7091.05,1063.66,Mobile,UK
327,PTR009,4,2026-01-26,3706,322,49487.46,9897.49,Mobile,AU
329,PTR015,6,2025-03-21,1175,76,2395.40,191.63,Tablet,CA
330,PTR007,1,2026-03-17,3642,164,16445.57,822.28,Tablet,US
331,PTR015,6,2025-05-15,3334,172,13524.41,2704.88,Desktop,US
332,PTR012,1,2025-02-12,1812,129,23886.22,1910.90,Desktop,US
333,PTR014,3,2026-06-03,1081,69,14860.77,743.04,Tablet,Unknown
334,PTR015,1,2025-12-25,3365,61,3330.09,333.01,Desktop,UK
335,PTR018,1,2026-01-26,806,78,13862.08,1663.45,Mobile,DE
336,PTR017,5,2025-07-23,1536,136,16826.26,841.31,Mobile,US
337,PTR012,6,2025-04-01,3464,180,5602.08,560.21,Desktop,AU
338,PTR016,3,2025-04-19,3940,408,18916.18,1513.29,Tablet,US
339,PTR010,2,2025-10-05,2863,63,11578.11,578.91,Desktop,US
340,PTR005,6,2025-10-14,868,81,12541.29,1254.13,Desktop,US
341,PTR005,3,2026-04-26,2476,63,8518.87,1703.77,Tablet,AU
342,PTR008,2,2026-03-03,2726,158,33250.75,4987.61,Desktop,US
343,PTR017,2,2026-06-24,1930,168,12585.58,1887.84,Mobile,UK
344,PTR011,5,2026-02-08,3851,297,57777.05,2888.85,Desktop,US
345,PTR020,3,2025-04-05,3849,298,41086.43,2054.32,Mobile,UK
346,PTR005,5,2025-08-22,2967,187,32935.34,3952.24,Desktop,US
347,PTR017,6,2025-02-11,293,3,364.48,18.22,Mobile,DE
348,PTR013,1,2025-12-03,2749,469,94762.31,4738.12,Tablet,Unknown
349,PTR008,2,2026-04-03,3893,117,9872.43,1480.86,Unknown,US
350,PTR018,1,2025-12-18,2976,288,13392.82,1071.43,Tablet,US
351,PTR018,1,2025-08-21,1814,65,1115.66,167.35,Unknown,CA
352,PTR005,1,2025-11-22,3228,320,47311.85,4731.19,Tablet,AU
353,PTR012,5,2025-01-29,2731,101,15616.48,1561.65,Mobile,CA
354,PTR002,2,2026-02-09,3052,47,9842.60,1968.52,Desktop,UK
355,PTR011,5,2025-08-06,1938,138,9206.52,1104.78,Mobile,US
356,PTR015,3,2025-03-11,2251,186,20741.14,2074.11,Mobile,CA
357,PTR019,6,2025-05-31,686,29,3998.18,599.73,Mobile,US
358,PTR003,6,2026-05-30,1192,30,5156.44,618.77,Desktop,US
359,PTR003,3,2025-11-26,612,27,3440.15,344.02,Desktop,US
360,PTR015,3,2026-06-09,2355,193,34476.70,3447.67,Tablet,US
361,PTR013,4,2026-03-25,1723,183,16952.40,2542.86,Tablet,US
362,PTR011,5,2025-05-07,456,25,1852.39,370.48,Desktop,US
363,PTR008,3,2025-03-14,3815,447,82952.44,9954.29,Desktop,US
365,PTR009,3,2025-07-02,3947,61,5237.82,523.78,Desktop,UK
366,PTR015,1,2026-05-26,6221,1,213.17,17.05,Mobile,US
367,PTR016,5,2025-06-20,649,14,2284.37,182.75,Mobile,US
368,PTR010,6,2025-03-28,553,12,1098.33,87.87,Tablet,DE
369,PTR018,2,2025-08-18,2655,123,21987.29,2198.73,Desktop,US
370,PTR018,1,2025-06-20,1551,35,5401.33,270.07,Mobile,US
371,PTR017,6,2025-03-18,2968,82,17849.47,1784.95,Mobile,US
372,PTR016,3,2026-06-27,3145,73,4804.18,384.33,Mobile,US
373,PTR020,2,2026-05-07,4399,0,0.00,0.00,Desktop,US
374,PTR012,6,2026-06-09,2010,81,11183.66,559.18,Tablet,US
375,PTR017,2,2025-07-13,684,20,4267.50,853.50,Tablet,US
376,PTR017,1,2026-01-11,1292,29,4808.59,577.03,Desktop,UK
377,PTR012,2,2026-02-27,1768,59,7484.35,898.12,Desktop,US
378,PTR003,6,2025-09-15,3989,227,43784.32,5254.12,Tablet,US
379,PTR013,2,2025-08-25,2087,35,6744.09,1011.61,Tablet,AU
380,PTR004,3,2026-06-03,1494,63,9445.13,755.61,Tablet,US
381,PTR006,6,2025-09-17,1917,33,7227.85,867.34,Desktop,US
382,PTR019,2,2025-04-15,770,14,2134.91,256.19,Tablet,US
383,PTR015,1,2025-03-19,3094,396,85491.71,12823.76,Mobile,DE
384,PTR004,6,2025-07-30,648,71,8319.08,415.95,Desktop,US
385,PTR011,6,2025-01-15,3677,131,5015.91,1003.18,Desktop,US
386,PTR004,5,2026-02-08,3260,201,8959.54,1343.93,Mobile,US
387,PTR020,6,2025-09-03,653,6,366.38,18.32,Tablet,UK
389,PTR018,4,2026-02-04,2492,49,2922.88,8351.47,Tablet,US
390,PTR001,1,2025-12-12,1278,97,3408.05,272.64,Desktop,US
391,PTR018,5,2025-03-14,3370,115,16582.37,1989.88,Tablet,DE
392,PTR016,1,2026-03-18,809,79,2144.80,107.24,Mobile,US
393,PTR002,4,2026-03-31,4639,0,0.00,0.00,Tablet,AU
394,PTR010,6,2026-06-03,1331,24,2308.56,346.28,Mobile,US
395,PTR007,4,2026-06-24,3344,188,39791.34,4774.96,Desktop,AU
396,PTR003,1,2026-04-15,2311,29,2011.62,201.16,Desktop,AU
397,PTR019,6,2026-01-27,2406,22,3407.51,170.38,Tablet,UK
398,PTR009,3,2026-06-17,3761,407,49704.96,5964.60,Mobile,CA
399,PTR014,6,2025-01-30,3810,527,31713.32,3171.33,Tablet,UK
400,PTR019,5,2025-01-25,1904,183,32376.55,3237.66,Tablet,US
401,PTR008,6,2025-01-03,1459,134,16348.93,3269.79,Desktop,CA
402,PTR010,4,2026-04-09,570,61,4652.91,930.58,Tablet,US
403,PTR004,4,2025-01-22,567,33,6827.81,682.78,Desktop,US
404,PTR006,4,2026-05-30,1850,43,7255.51,580.44,Desktop,DE
405,PTR020,1,2025-06-24,266,5,894.15,71.53,Desktop,AU
406,PTR006,4,2025-09-20,2467,58,1199.40,119.94,Desktop,DE
407,PTR005,5,2025-02-27,2839,103,2485.16,372.77,Unknown,DE
408,PTR003,4,2026-01-06,1973,234,26345.67,5269.13,Tablet,US
409,PTR016,5,2025-12-23,404,28,2143.52,428.70,Tablet,US
410,PTR016,4,2025-04-29,966,22,3353.89,670.78,Tablet,DE
411,PTR018,2,2025-09-27,1108,74,8676.34,694.11,Desktop,US
413,PTR005,5,2025-01-03,3078,0,0.00,0.00,Tablet,DE
414,PTR010,4,2026-03-27,2590,132,2783.29,222.66,Desktop,AU
415,PTR004,3,2026-06-20,278,21,449.63,22.48,Mobile,UK
416,PTR004,3,2026-02-09,2209,130,9860.35,788.83,Mobile,US
417,PTR001,6,2025-07-03,2481,74,2571.38,128.57,Desktop,US
419,PTR011,3,2025-06-29,3124,189,21515.14,2151.51,Desktop,US
420,PTR017,2,2025-02-02,2044,103,13131.79,1575.81,Mobile,US
421,PTR020,3,2025-04-09,1954,204,25284.40,1264.22,Tablet,CA
422,PTR007,2,2025-10-08,3378,257,39742.67,3179.41,Mobile,US
423,PTR011,3,2025-01-31,1124,48,6161.89,739.43,Mobile,DE
424,PTR009,1,2025-02-18,410,8,901.52,180.30,Desktop,US
425,PTR007,1,2025-05-22,982,98,16583.25,3316.65,Desktop,AU
426,PTR020,2,2025-11-29,55,1,199.73,15.98,Tablet,CA
427,PTR008,6,2025-11-01,2198,258,23868.08,2386.81,Mobile,US
428,PTR012,4,2025-07-11,187,8,560.44,28.02,Mobile,UK
429,PTR010,2,2025-04-12,3306,33,6803.34,340.17,Tablet,UK
430,PTR011,1,2026-03-08,2513,148,7135.06,570.80,Tablet,US
431,PTR013,5,2025-04-26,699,35,2547.02,127.35,Desktop,UK
432,PTR004,4,2026-06-07,1696,149,9974.50,997.45,Mobile,US
433,PTR012,4,2026-05-02,1511,27,3758.18,751.64,Tablet,US
434,PTR008,5,2025-04-18,2120,183,6421.01,1284.20,Mobile,DE
435,PTR017,3,2026-03-02,2879,240,11111.88,555.59,Mobile,AU
436,PTR017,6,2026-06-20,1837,74,14094.80,1691.38,Mobile,DE
437,PTR008,3,2025-05-01,1230,24,3465.39,415.85,Tablet,US
438,PTR001,4,2025-06-25,1959,123,20611.18,4122.24,Tablet,US
439,PTR018,1,2026-01-31,1037,119,23088.66,2308.87,Desktop,CA
440,PTR014,3,2025-10-17,2515,286,29839.51,2387.16,Mobile,US
441,PTR006,4,2026-05-15,1609,226,10765.42,538.27,Desktop,US
442,PTR017,2,2025-05-20,2044,339,53584.31,44379.66,Tablet,US
443,PTR004,6,2026-01-02,1883,64,11357.10,1703.57,Tablet,US
444,PTR008,6,2025-07-31,418,28,5426.50,434.12,Desktop,DE
445,PTR007,4,2025-06-29,2414,31,4086.74,326.94,Mobile,Unknown
446,PTR012,2,2025-03-06,1634,66,4623.30,462.33,Tablet,CA
447,PTR001,5,2026-01-06,3511,442,20004.53,2400.54,Mobile,CA
448,PTR007,6,2026-05-03,1684,64,12534.04,1253.40,Mobile,AU
449,PTR003,3,2026-05-13,3120,86,17982.94,1438.64,Mobile,DE
450,PTR014,1,2025-06-23,2521,91,6924.64,346.23,Desktop,DE
451,PTR013,2,2025-06-28,2336,82,6053.02,726.36,Desktop,US
452,PTR012,2,2025-04-21,962,108,8882.06,1332.31,Tablet,UK
453,PTR003,2,2025-10-19,3403,213,38804.46,3104.36,Desktop,AU
454,PTR013,5,2026-05-03,4403,0,0.00,0.00,Tablet,US
455,PTR019,6,2025-02-02,634,80,14305.99,2145.90,Desktop,DE
456,PTR020,2,2025-07-23,2363,242,17749.44,1774.94,Tablet,US
457,PTR004,5,2025-01-26,1131,17,2836.23,425.43,Mobile,DE
458,PTR003,2,2025-09-01,1856,82,4171.96,417.20,Mobile,AU
459,PTR005,2,2025-05-06,1149,79,8503.81,1700.76,Unknown,US
460,PTR014,6,2025-10-04,2608,51,1619.27,323.85,Tablet,DE
461,PTR011,3,2025-11-29,2001,106,11612.78,929.02,Tablet,US
462,PTR002,4,2025-02-02,1648,78,15183.12,1518.31,Desktop,US
463,PTR018,3,2026-06-07,2822,208,11139.46,1113.95,Mobile,AU
465,PTR016,1,2025-11-22,2483,46,4438.97,887.79,Desktop,Unknown
466,PTR013,3,2025-10-09,2680,18,720.37,144.07,Mobile,AU
467,PTR015,6,2026-03-30,3528,215,5879.65,1175.93,Tablet,AU
468,PTR004,2,2025-05-26,1078,21,1870.82,149.67,Mobile,US
469,PTR010,3,2025-09-05,2702,133,14238.80,2135.82,Tablet,DE
470,PTR005,3,2026-04-08,3685,578,123316.33,12331.63,Tablet,UK
471,PTR005,5,2026-04-30,3218,104,15609.51,1560.95,Tablet,US
472,PTR001,4,2025-12-06,830,26,4666.92,466.69,Tablet,CA
473,PTR007,4,2026-03-11,847,109,18956.99,3791.40,Tablet,UK
474,PTR004,2,2026-06-10,3593,262,27711.10,3325.33,Desktop,AU
475,PTR001,4,2026-06-15,3121,202,12014.22,1201.42,Tablet,UK
476,PTR001,4,2025-04-28,3629,162,6134.65,736.16,Tablet,US
477,PTR011,2,2025-06-04,284,29,3950.99,395.10,Desktop,Unknown
478,PTR019,2,2025-07-06,2706,91,18571.48,2785.72,Unknown,AU
479,PTR004,6,2025-11-13,3027,64,2764.73,331.77,Desktop,CA
480,PTR019,3,2025-11-22,2862,258,22470.47,3370.57,Desktop,AU
481,PTR008,4,2026-02-20,1862,29,3313.87,265.11,Desktop,CA
482,PTR002,1,2025-02-12,3828,270,30252.68,1512.63,Desktop,AU
483,PTR003,4,2026-02-21,2279,224,25898.52,1294.93,Desktop,AU
484,PTR015,6,2026-03-02,1187,149,24490.26,2938.83,Mobile,UK
485,PTR005,6,2026-02-24,959,91,1543.99,1786.88,Mobile,US
486,PTR017,2,2025-01-23,2459,226,47672.35,2383.62,Tablet,AU
487,PTR019,2,2026-03-04,629,23,1503.62,225.54,Desktop,US
488,PTR005,6,2025-06-17,1121,130,3248.25,324.83,Tablet,UK
489,PTR010,5,2025-03-31,1670,195,5990.81,479.26,Tablet,CA
490,PTR001,2,2025-08-17,948,31,5347.85,534.79,Mobile,DE
491,PTR014,5,2025-09-02,1006,55,7689.59,768.96,Mobile,CA
492,PTR011,2,2025-07-28,3094,0,0.00,0.00,Tablet,Unknown
493,PTR001,2,2026-01-07,1946,121,10480.57,838.45,Tablet,CA
494,PTR008,5,2025-07-19,1387,134,2300.58,115.03,Desktop,US
495,PTR006,5,2025-01-05,409,61,6851.32,1370.26,Tablet,US
496,PTR014,4,2025-06-09,86,2,401.65,40.16,Tablet,CA
497,PTR020,2,2025-10-06,2661,240,45591.32,3647.31,Tablet,UK
498,PTR020,2,2025-12-12,173,1,146.50,21.97,Tablet,AU
499,PTR013,4,2025-06-05,3956,281,54314.09,6517.69,Mobile,US
500,PTR014,1,2025-08-14,2418,321,15321.38,1838.57,Mobile,CA
501,PTR008,5,2026-03-10,595,15,1480.75,222.11,Tablet,US
502,PTR020,2,2025-07-05,3506,204,8592.61,429.63,Mobile,Unknown
503,PTR010,4,2026-06-30,1646,44,2094.36,251.32,Mobile,US
504,PTR004,2,2025-06-22,1494,77,16792.59,839.63,Tablet,DE
505,PTR009,2,2026-03-01,1856,229,22346.83,4469.37,Unknown,US
506,PTR015,4,2025-06-02,2378,52,5991.62,299.58,Unknown,US
507,PTR007,3,2026-02-24,2274,157,11415.82,913.27,Tablet,DE
509,PTR003,5,2025-03-15,1009,73,11934.25,954.74,Unknown,US
510,PTR010,2,2025-11-10,2473,66,7039.66,1407.93,Tablet,US
511,PTR015,5,2025-09-20,1967,153,19922.70,1992.27,Mobile,AU
512,PTR019,3,2026-06-26,1527,66,2170.24,108.51,Mobile,UK
513,PTR005,1,2025-07-22,1624,57,9451.28,756.10,Desktop,US
514,PTR008,3,2026-03-23,3446,242,27440.52,3292.86,Desktop,US
515,PTR010,5,2026-04-24,3318,198,10806.07,864.49,Desktop,US
516,PTR009,3,2026-01-01,654,68,12267.01,1226.70,Mobile,AU
517,PTR016,2,2025-06-15,853,92,3814.76,305.18,Mobile,US
518,PTR016,5,2025-01-29,587,47,3645.25,364.53,Mobile,US
519,PTR020,2,2025-05-02,948,26,3988.97,478.68,Tablet,Unknown
520,PTR016,1,2025-04-28,1866,49,7165.97,716.60,Mobile,DE
521,PTR015,6,2026-06-30,2242,259,38041.50,7608.30,Mobile,US
522,PTR002,5,2025-06-11,208,9,1031.05,123.73,Tablet,AU
523,PTR009,6,2025-07-07,2803,107,6756.68,540.53,Mobile,AU
524,PTR012,1,2026-03-21,3815,292,43455.36,6518.30,Mobile,DE
525,PTR018,6,2025-12-05,2883,92,14983.42,1498.34,Mobile,CA
526,PTR015,3,2025-06-14,4463,0,0.00,0.00,Tablet,US
527,PTR019,1,2025-11-23,2454,180,35033.93,7006.79,Desktop,DE
528,PTR012,3,2025-05-12,2689,63,3444.03,413.28,Tablet,US
529,PTR001,2,2026-02-10,4785,0,0.00,0.00,Mobile,Unknown
530,PTR016,4,2026-04-24,3834,332,52460.21,4196.82,Tablet,US
531,PTR020,3,2025-09-04,3743,151,16491.00,43029.41,Tablet,US
532,PTR012,2,2026-03-02,2254,273,50299.90,4023.99,Tablet,UK
533,PTR008,5,2025-09-29,315,8,960.98,192.20,Mobile,US
534,PTR001,5,2025-05-27,2246,306,35886.77,4306.41,Mobile,US
536,PTR011,6,2026-02-28,1247,195,40231.67,4023.17,Mobile,AU
537,PTR017,3,2026-03-05,2819,242,27257.37,1362.87,Tablet,US
538,PTR019,6,2026-06-16,3576,214,22516.31,2701.96,Mobile,DE
539,PTR005,4,2025-12-17,2337,178,34138.75,2731.10,Desktop,US
540,PTR005,1,2025-10-08,67,2,252.44,37.87,Tablet,CA
541,PTR001,4,2025-11-05,2715,204,32364.38,3883.73,Tablet,UK
542,PTR020,3,2025-01-11,1577,100,3576.20,715.24,Desktop,US
543,PTR013,2,2025-04-02,3496,166,24513.13,4902.63,Desktop,US
544,PTR004,6,2025-04-13,686,40,7128.38,712.84,Mobile,DE
545,PTR011,5,2025-11-23,1614,117,9822.92,1473.44,Desktop,US
546,PTR016,5,2026-04-28,1696,72,14637.74,731.89,Tablet,US
547,PTR006,1,2025-01-19,2807,162,34917.49,5237.62,Tablet,US
548,PTR015,4,2025-12-22,3456,164,29691.69,2375.34,Tablet,CA
549,PTR003,1,2025-12-01,1706,43,9208.68,1381.30,Mobile,US
550,PTR004,1,2025-06-01,621,47,3529.69,705.94,Desktop,CA
551,PTR003,4,2026-03-14,1145,32,5515.03,551.50,Desktop,DE
552,PTR015,5,2026-05-21,3966,585,21096.53,1687.72,Mobile,US
553,PTR014,6,2026-01-13,3700,229,41723.25,3337.86,Unknown,US
554,PTR017,2,2026-01-06,1817,26,5419.62,270.98,Mobile,DE
555,PTR011,3,2025-05-16,3530,207,10436.51,1252.38,Mobile,UK
556,PTR017,4,2026-05-02,3378,169,14522.42,1161.79,Mobile,AU
557,PTR012,6,2026-06-23,1984,98,9525.01,1428.75,Mobile,AU
558,PTR013,2,2025-12-31,2735,146,10537.20,1264.46,Desktop,US
559,PTR013,2,2026-03-27,1393,89,18199.04,2729.86,Tablet,UK
560,PTR010,6,2026-01-25,2190,82,16070.07,1928.41,Desktop,US
561,PTR010,4,2025-04-05,1642,32,2609.98,313.20,Tablet,UK
562,PTR014,5,2025-10-25,778,109,22618.79,2261.88,Tablet,US
563,PTR015,2,2025-11-15,2960,185,14270.09,2140.51,Desktop,AU
564,PTR014,6,2025-09-05,3692,26,4603.42,690.51,Desktop,US
565,PTR004,6,2025-08-01,3681,461,7418.14,890.18,Mobile,UK
566,PTR015,5,2025-05-11,6227,0,0.00,0.00,Mobile,US
567,PTR013,4,2026-04-02,2361,64,6133.51,490.68,Tablet,US
568,PTR016,3,2026-01-03,1234,174,9071.12,453.56,Tablet,US
569,PTR003,6,2025-01-31,966,48,1320.80,66.04,Unknown,US
570,PTR001,6,2025-11-03,429,6,221.65,33.25,Tablet,US
571,PTR018,5,2025-02-03,1427,82,17645.09,3529.02,Tablet,Unknown
572,PTR007,2,2025-06-03,1348,93,15063.04,1807.56,Mobile,US
573,PTR013,2,2026-03-14,1348,77,3374.56,337.46,Desktop,US
574,PTR016,3,2025-12-12,1764,126,10032.23,802.58,Desktop,DE
575,PTR010,5,2025-08-28,2689,39,1208.12,181.22,Mobile,US
576,PTR016,1,2025-11-21,1433,197,14577.37,2186.61,Desktop,DE
577,PTR020,5,2025-01-28,1990,176,12664.78,1013.18,Desktop,US
578,PTR008,6,2025-01-20,3207,257,21980.44,3297.07,Desktop,Unknown
579,PTR007,6,2025-05-10,2089,144,15285.31,1222.82,Mobile,US
580,PTR009,1,2026-02-27,3045,69,3539.77,424.77,Tablet,US
